player_season_team;PLAYER;POS;AGE;TEAM;G;GS;MP;FG_per_game;FGA_per_game;FG%;3P_per_game;3PA_per_game;3P%;2P_per_game;2PA_per_game;2P%;EFG%_per_game;FT_per_game;FTA_per_game;FT%;ORB_per_game;DRB_per_game;TRB_per_game;AST_per_game;STL_per_game;BLK_per_game;TOV_per_game;PF_per_game;PTS_per_game;SEASON;FG_per_36min;FGA_per_36min;3P_per_36min;3PA_per_36min;2P_per_36min;2PA_per_36min;FT_per_36min;FTA_per_36min;ORB_per_36min;DRB_per_36min;TRB_per_36min;AST_per_36min;STL_per_36min;BLK_per_36min;TOV_per_36min;PF_per_36min;PTS_per_36min;FG_per_100poss;FGA_per_100poss;3P_per_100poss;3PA_per_100poss;2P_per_100poss;2PA_per_100poss;FT_per_100poss;FTA_per_100poss;ORB_per_100poss;DRB_per_100poss;TRB_per_100poss;AST_per_100poss;STL_per_100poss;BLK_per_100poss;TOV_per_100poss;PF_per_100poss;PTS_per_100poss;ORTG_per_100poss;DRTG_per_100poss;PER_advanced;TS%_advanced;3PAR_advanced;FTR_advanced;ORB%_advanced;DRB%_advanced;TRB%_advanced;AST%_advanced;STL%_advanced;BLK%_advanced;TOV%_advanced;USG%_advanced;OWS_advanced;DWS_advanced;WS_advanced;WS/48_advanced;OBPM_advanced;DBPM_advanced;BPM_advanced;VORP_advanced;MVP_VOTES_SHARE;MVP_WINNER;MVP_PODIUM;MVP_CANDIDATE;W;L;W/L%;GB;PW;PL;PS/G;PA/G;CONF;CONF_RANK;PRED;PRED_RANK
NikolaJokić_2022_DEN;NikolaJokić;C;26;DEN;74;74;33.5;10.3;17.7;0.583;1.3;3.9;0.337;9.0;13.8;0.652;0.62;5.1;6.3;0.81;2.8;11.0;13.8;7.9;1.5;0.9;3.8;2.6;27.1;2022;11.1;19.1;1.4;4.2;9.7;14.9;5.5;6.8;3.0;11.8;14.8;8.5;1.6;0.9;4.1;2.8;29.1;15.1;26.0;1.9;5.7;13.2;20.3;7.5;9.3;4.1;16.1;20.2;11.6;2.2;1.2;5.6;3.8;39.7;126.0;105;32.9;0.661;0.22;0.357;9.6;35.5;23.0;42.7;2.2;2.3;15.6;31.9;10.8;4.5;15.4;0.298;9.2;4.5;13.7;9.8;0.0;False;False;False;48;33;0.593;16.0;47;35;111.0;108.6;WESTERN_CONF;5;0.7163935666490712;1.0
GiannisAntetokounmpo_2022_MIL;GiannisAntetokounmpo;PF;27;MIL;67;67;32.9;10.3;18.6;0.553;1.1;3.6;0.293;9.2;15.0;0.616;0.582;8.3;11.4;0.722;2.0;9.6;11.6;5.8;1.1;1.4;3.3;3.2;29.9;2022;11.3;20.3;1.2;4.0;10.1;16.4;9.0;12.5;2.2;10.5;12.7;6.3;1.2;1.5;3.6;3.5;32.7;15.0;27.1;1.5;5.3;13.5;21.9;12.1;16.7;2.9;14.0;17.0;8.5;1.6;2.0;4.8;4.6;43.6;124.0;106;32.1;0.633;0.194;0.615;6.6;30.3;18.7;31.7;1.6;4.0;12.2;34.9;9.3;3.8;13.0;0.284;7.6;3.5;11.2;7.4;0.0;False;False;False;51;30;0.63;2.0;50;32;114.1;110.5;EASTERN_CONF;2;0.6091773599090387;2.0
JoelEmbiid_2022_PHI;JoelEmbiid;C;27;PHI;68;68;33.8;9.8;19.6;0.499;1.4;3.7;0.371;8.4;15.9;0.529;0.534;9.6;11.8;0.814;2.1;9.6;11.7;4.2;1.1;1.5;3.1;2.7;30.6;2022;10.4;20.9;1.5;3.9;9.0;17.0;10.2;12.6;2.3;10.2;12.5;4.5;1.2;1.6;3.4;2.8;32.6;14.5;29.0;2.0;5.5;12.4;23.5;14.2;17.4;3.2;14.1;17.3;6.2;1.7;2.2;4.6;3.9;45.2;119.0;105;31.2;0.616;0.188;0.602;7.2;31.1;19.3;23.6;1.7;3.9;11.3;37.2;7.9;4.1;12.1;0.252;7.2;1.9;9.2;6.5;0.0;False;False;False;50;31;0.617;3.0;48;34;108.5;106.0;EASTERN_CONF;4;0.46333848155287355;3.0
LukaDončić_2022_DAL;LukaDončić;PG;22;DAL;64;64;35.5;9.9;21.6;0.457;3.1;8.8;0.353;6.8;12.8;0.529;0.529;5.6;7.5;0.74;0.9;8.3;9.1;8.7;1.1;0.5;4.5;2.3;28.5;2022;10.0;21.9;3.2;8.9;6.9;13.0;5.6;7.6;0.9;8.4;9.3;8.9;1.2;0.6;4.6;2.3;28.9;14.0;30.7;4.4;12.5;9.6;18.2;7.9;10.7;1.2;11.7;13.0;12.4;1.6;0.8;6.4;3.2;40.4;110.0;106;25.0;0.57;0.407;0.347;2.7;25.9;14.3;46.0;1.6;1.4;15.3;37.4;3.7;3.8;7.5;0.158;6.4;1.8;8.2;5.9;0.0;False;False;False;51;30;0.63;13.0;50;32;106.4;103.3;WESTERN_CONF;4;0.4136243078974978;4.0
JaMorant_2022_MEM;JaMorant;PG;22;MEM;57;57;33.1;10.2;20.6;0.493;1.5;4.5;0.344;8.6;16.2;0.534;0.53;5.5;7.3;0.761;1.4;4.4;5.7;6.7;1.2;0.4;3.4;1.5;27.4;2022;11.1;22.4;1.7;4.9;9.4;17.6;6.0;7.9;1.5;4.7;6.2;7.3;1.3;0.4;3.7;1.6;29.8;14.7;29.8;2.2;6.5;12.5;23.3;8.0;10.5;2.0;6.3;8.2;9.7;1.7;0.6;5.0;2.2;39.6;116.0;111;24.5;0.575;0.218;0.353;4.2;14.0;9.0;34.1;1.7;1.0;12.6;33.8;4.6;2.2;6.8;0.174;6.2;-0.1;6.1;3.9;0.0;False;False;False;56;25;0.691;8.0;56;26;114.3;108.2;WESTERN_CONF;2;0.1503596620134403;5.0
DevinBooker_2022_PHO;DevinBooker;SG;25;PHO;68;68;34.5;9.7;20.9;0.466;2.7;7.0;0.383;7.0;13.9;0.508;0.53;4.6;5.3;0.868;0.7;4.4;5.0;4.8;1.1;0.4;2.4;2.6;26.8;2022;10.2;21.8;2.8;7.3;7.4;14.5;4.8;5.6;0.7;4.6;5.3;5.1;1.2;0.4;2.5;2.8;28.0;13.6;29.2;3.8;9.8;9.8;19.4;6.5;7.4;0.9;6.1;7.0;6.8;1.6;0.5;3.3;3.7;37.4;113.0;109;21.3;0.576;0.336;0.255;2.1;13.2;7.8;22.4;1.6;1.0;9.3;32.0;4.4;3.3;7.7;0.157;3.9;0.2;4.1;3.6;0.0;False;False;False;64;17;0.79;0.0;59;23;113.5;105.9;WESTERN_CONF;1;0.1385626980783915;6.0
ChrisPaul_2022_PHO;ChrisPaul;PG;36;PHO;65;65;32.9;5.6;11.3;0.493;1.0;3.1;0.317;4.6;8.3;0.559;0.536;2.6;3.1;0.837;0.3;4.0;4.4;10.8;1.9;0.3;2.4;2.1;14.7;2022;6.1;12.4;1.1;3.3;5.0;9.0;2.8;3.4;0.4;4.4;4.8;11.8;2.0;0.3;2.6;2.3;16.1;8.2;16.6;1.4;4.5;6.7;12.1;3.8;4.5;0.5;5.9;6.4;15.8;2.7;0.4;3.4;3.0;21.6;124.0;106;20.8;0.581;0.27;0.274;1.1;12.7;7.1;44.5;2.7;0.8;15.6;19.7;5.8;3.6;9.4;0.211;3.2;2.3;5.4;4.0;0.0;False;False;False;64;17;0.79;0.0;59;23;113.5;105.9;WESTERN_CONF;1;0.0791816558366772;7.0
JoeIngles_2022_UTA;JoeIngles;SF;34;UTA;45;15;24.9;2.6;6.3;0.404;1.7;5.0;0.347;0.8;1.3;0.617;0.54;0.4;0.5;0.773;0.3;2.6;2.9;3.5;0.5;0.1;1.0;1.8;7.2;2022;3.7;9.1;2.5;7.2;1.2;1.9;0.5;0.7;0.4;3.8;4.2;5.1;0.7;0.2;1.5;2.6;10.4;5.1;12.6;3.4;9.9;1.6;2.6;0.7;1.0;0.5;5.2;5.8;7.0;1.0;0.2;2.0;3.6;14.3;117.0;114;10.0;0.551;0.789;0.077;1.2;11.2;6.4;19.0;1.0;0.4;13.5;13.2;1.3;0.9;2.1;0.092;-0.7;0.4;-0.3;0.5;0.0;False;False;False;48;33;0.593;16.0;55;27;112.3;106.6;WESTERN_CONF;6;0.02199884099739795;8.0
ReggieBullock_2022_DAL;ReggieBullock;SF;30;DAL;67;36;28.0;3.0;7.4;0.404;2.1;5.8;0.36;0.9;1.6;0.566;0.545;0.6;0.7;0.83;0.5;3.1;3.6;1.2;0.6;0.2;0.6;1.6;8.6;2022;3.8;9.5;2.7;7.5;1.2;2.0;0.7;0.9;0.6;4.0;4.6;1.6;0.8;0.3;0.7;2.1;11.1;5.4;13.3;3.8;10.4;1.6;2.8;1.0;1.3;0.9;5.5;6.4;2.2;1.1;0.4;1.0;2.9;15.5;112.0;112;9.4;0.561;0.786;0.095;1.9;12.2;7.0;6.1;1.1;0.7;7.0;13.3;1.2;2.0;3.2;0.082;-1.4;0.0;-1.3;0.3;0.0;False;False;False;51;30;0.63;13.0;50;32;106.4;103.3;WESTERN_CONF;4;0.0173025268796585;9.0
AlexCaruso_2022_CHI;AlexCaruso;SG;27;CHI;41;18;28.0;2.5;6.2;0.398;1.0;3.1;0.333;1.5;3.2;0.462;0.48;1.4;1.8;0.795;0.8;2.8;3.6;4.0;1.7;0.4;1.4;2.6;7.4;2022;3.2;8.0;1.3;4.0;1.9;4.1;1.8;2.3;1.0;3.6;4.6;5.2;2.2;0.5;1.8;3.3;9.5;4.3;10.9;1.8;5.4;2.6;5.5;2.5;3.1;1.4;4.9;6.3;7.0;3.0;0.6;2.4;4.5;12.9;110.0;111;11.8;0.528;0.492;0.285;3.3;11.2;7.3;18.5;3.0;1.1;16.5;13.3;0.7;1.2;2.0;0.082;-2.2;2.3;0.1;0.6;0.0;False;False;False;45;36;0.556;8.0;40;42;110.1;110.5;EASTERN_CONF;6;0.016322020076078993;10.0
RoyceONeale_2022_UTA;RoyceONeale;SF;28;UTA;76;76;31.3;2.7;5.8;0.461;1.6;4.0;0.392;1.1;1.8;0.613;0.596;0.6;0.7;0.796;0.8;4.0;4.8;2.5;1.1;0.4;1.0;2.4;7.4;2022;3.1;6.6;1.8;4.6;1.3;2.1;0.7;0.8;0.9;4.6;5.5;2.9;1.3;0.5;1.2;2.8;8.5;4.2;9.1;2.5;6.3;1.7;2.8;0.9;1.1;1.3;6.3;7.6;3.9;1.8;0.7;1.6;3.8;11.7;123.0;111;10.4;0.612;0.687;0.123;3.0;13.5;8.4;10.5;1.8;1.2;14.1;9.9;2.8;2.6;5.4;0.11;-0.8;1.6;0.9;1.7;0.0;False;False;False;48;33;0.593;16.0;55;27;112.3;106.6;WESTERN_CONF;6;0.01564261882697188;11.0
MatisseThybulle_2022_PHI;MatisseThybulle;SG;24;PHI;65;49;25.4;2.3;4.6;0.497;0.7;2.2;0.31;1.6;2.4;0.669;0.571;0.5;0.7;0.791;0.6;1.6;2.3;1.1;1.8;1.1;0.6;2.4;5.7;2022;3.2;6.5;1.0;3.1;2.2;3.4;0.7;0.9;0.9;2.3;3.2;1.6;2.5;1.5;0.9;3.4;8.1;4.4;8.9;1.3;4.3;3.1;4.7;1.0;1.3;1.3;3.2;4.5;2.2;3.4;2.1;1.2;4.7;11.2;115.0;108;11.2;0.591;0.48;0.145;2.9;7.1;5.0;6.2;3.4;3.8;11.0;9.6;1.1;2.5;3.6;0.106;-2.3;3.4;1.1;1.3;0.0;False;False;False;50;31;0.617;3.0;48;34;108.5;106.0;EASTERN_CONF;4;0.014900979143532845;12.0
DuncanRobinson_2022_MIA;DuncanRobinson;SG;27;MIA;78;67;25.9;3.7;9.2;0.4;2.9;7.9;0.372;0.7;1.3;0.569;0.56;0.7;0.8;0.836;0.3;2.2;2.5;1.6;0.5;0.2;0.8;2.6;10.9;2022;5.1;12.8;4.1;10.9;1.0;1.8;0.9;1.1;0.4;3.1;3.5;2.2;0.7;0.2;1.1;3.6;15.2;7.1;17.7;5.7;15.2;1.4;2.5;1.3;1.5;0.6;4.3;4.9;3.1;1.0;0.3;1.5;5.0;21.1;113.0;112;10.5;0.574;0.858;0.085;1.3;9.5;5.5;9.2;1.0;0.7;7.5;17.7;1.8;2.0;3.9;0.092;-0.3;-0.3;-0.6;0.7;0.0;False;False;False;53;28;0.654;0.0;53;29;108.7;104.0;EASTERN_CONF;1;0.014878311754771636;13.0
JaeCrowder_2022_PHO;JaeCrowder;PF;31;PHO;67;67;28.1;3.2;8.1;0.399;1.9;5.4;0.348;1.3;2.7;0.503;0.516;1.1;1.3;0.789;0.4;4.8;5.3;1.9;1.4;0.4;0.8;2.6;9.4;2022;4.1;10.4;2.4;7.0;1.7;3.4;1.4;1.7;0.6;6.2;6.8;2.4;1.8;0.6;1.0;3.3;12.1;5.5;13.9;3.2;9.3;2.3;4.6;1.8;2.3;0.8;8.3;9.0;3.2;2.4;0.8;1.4;4.4;16.1;109.0;105;11.3;0.541;0.671;0.165;1.8;17.9;10.1;8.3;2.4;1.4;8.6;14.6;0.9;3.4;4.3;0.11;-1.3;2.4;1.1;1.5;0.0;False;False;False;64;17;0.79;0.0;59;23;113.5;105.9;WESTERN_CONF;1;0.014627687354872423;14.0
DevonteGraham_2022_NOP;DevonteGraham;PG;26;NOP;76;63;28.4;3.9;10.7;0.363;2.5;7.4;0.341;1.4;3.3;0.413;0.481;1.6;1.8;0.843;0.5;1.8;2.3;4.2;0.9;0.2;1.4;1.3;11.9;2022;4.9;13.6;3.2;9.4;1.7;4.2;2.0;2.3;0.6;2.3;2.9;5.3;1.2;0.2;1.7;1.6;15.0;6.8;18.6;4.4;12.9;2.4;5.8;2.7;3.2;0.8;3.2;4.0;7.2;1.6;0.3;2.4;2.2;20.6;109.0;116;12.1;0.514;0.691;0.172;1.9;7.3;4.5;21.0;1.6;0.5;10.7;19.5;1.6;1.3;2.8;0.063;0.2;-1.2;-1.0;0.5;0.0;False;False;False;36;45;0.444;28.0;39;43;108.0;108.7;WESTERN_CONF;9;0.014334554506290611;15.0
JaysonTatum_2022_BOS;JaysonTatum;SF;23;BOS;75;75;36.1;9.3;20.7;0.45;3.0;8.6;0.348;6.3;12.1;0.521;0.522;5.3;6.2;0.852;1.1;6.9;8.0;4.4;1.0;0.7;2.8;2.3;26.9;2022;9.3;20.6;3.0;8.6;6.3;12.1;5.3;6.2;1.1;6.9;8.0;4.4;1.0;0.7;2.8;2.3;26.8;12.8;28.5;4.1;11.8;8.7;16.7;7.3;8.6;1.6;9.5;11.0;6.1;1.4;0.9;3.9;3.2;37.0;113.0;106;21.6;0.574;0.415;0.301;3.5;20.2;12.0;21.2;1.4;1.7;10.8;32.1;4.8;4.5;9.4;0.166;4.2;0.6;4.8;4.7;0.0;False;False;False;50;31;0.617;3.0;58;24;110.1;103.1;EASTERN_CONF;3;0.013584514598186073;16.0
PattyMills_2022_BRK;PattyMills;PG;33;BRK;80;48;28.9;4.0;9.9;0.407;2.8;7.0;0.4;1.2;2.8;0.427;0.55;0.6;0.7;0.814;0.2;1.7;1.9;2.3;0.6;0.2;0.9;1.4;11.4;2022;5.0;12.3;3.5;8.8;1.5;3.5;0.7;0.9;0.3;2.1;2.4;2.8;0.8;0.3;1.1;1.7;14.2;6.7;16.5;4.7;11.8;2.0;4.7;1.0;1.2;0.4;2.8;3.2;3.8;1.1;0.4;1.5;2.3;19.2;112.0;117;10.5;0.562;0.714;0.075;0.9;6.2;3.6;10.7;1.1;0.7;7.9;16.4;1.9;0.9;2.9;0.059;-0.2;-1.4;-1.6;0.2;0.0;False;False;False;43;38;0.531;10.0;43;39;111.3;110.6;EASTERN_CONF;7;0.013466738552319479;17.0
MarcusSmart_2022_BOS;MarcusSmart;PG;27;BOS;70;70;32.4;4.3;10.2;0.419;1.7;5.1;0.334;2.6;5.1;0.504;0.503;2.0;2.6;0.793;0.6;3.2;3.8;5.9;1.7;0.3;2.2;2.3;12.2;2022;4.7;11.3;1.9;5.6;2.8;5.6;2.3;2.8;0.7;3.6;4.2;6.5;1.9;0.3;2.5;2.5;13.6;6.5;15.6;2.6;7.8;3.9;7.8;3.1;3.9;0.9;5.0;5.8;9.0;2.6;0.4;3.4;3.5;18.8;110.0;107;13.8;0.543;0.501;0.252;2.0;10.5;6.4;25.7;2.6;0.7;16.6;18.4;1.9;3.6;5.6;0.117;-1.1;1.7;0.5;1.5;0.0;False;False;False;50;31;0.617;3.0;58;24;110.1;103.1;EASTERN_CONF;3;0.013278078303020411;18.0
IsaacOkoro_2022_CLE;IsaacOkoro;SF;21;CLE;66;60;29.7;3.1;6.5;0.48;0.8;2.4;0.35;2.3;4.1;0.556;0.544;1.8;2.3;0.768;1.1;1.9;3.0;1.8;0.8;0.3;0.9;2.4;8.8;2022;3.8;7.8;1.0;2.9;2.8;5.0;2.2;2.8;1.3;2.3;3.6;2.2;1.0;0.4;1.1;3.0;10.7;5.2;10.9;1.4;4.0;3.8;6.9;3.0;3.9;1.8;3.3;5.1;3.0;1.4;0.6;1.5;4.1;14.9;119.0;113;10.4;0.59;0.368;0.363;4.1;7.1;5.6;8.4;1.4;1.0;10.5;12.5;2.3;1.9;4.2;0.103;-2.4;0.7;-1.7;0.1;0.0;False;False;False;43;38;0.531;10.0;46;36;106.2;104.3;EASTERN_CONF;8;0.012552547994942806;19.0
PJTucker_2022_MIA;PJTucker;PF;36;MIA;71;70;27.9;2.9;6.0;0.484;1.1;2.7;0.415;1.8;3.3;0.54;0.577;0.6;0.9;0.738;1.4;4.0;5.5;2.1;0.8;0.2;0.9;2.3;7.6;2022;3.8;7.8;1.5;3.5;2.3;4.3;0.8;1.1;1.8;5.2;7.0;2.7;1.1;0.3;1.2;2.9;9.8;5.2;10.8;2.0;4.9;3.2;5.9;1.1;1.5;2.5;7.3;9.8;3.8;1.5;0.4;1.7;4.1;13.6;120.0;109;11.3;0.593;0.451;0.143;5.8;16.2;11.1;10.6;1.5;0.8;12.7;11.7;2.4;2.6;5.0;0.122;-0.8;1.4;0.6;1.3;0.0;False;False;False;53;28;0.654;0.0;53;29;108.7;104.0;EASTERN_CONF;1;0.011949544882699876;20.0
JadenMcDaniels_2022_MIN;JadenMcDaniels;PF;21;MIN;69;31;25.9;3.7;7.9;0.461;1.1;3.6;0.319;2.5;4.3;0.579;0.533;0.8;1.0;0.8;1.1;3.1;4.2;1.1;0.7;0.8;1.1;3.2;9.3;2022;5.1;11.0;1.6;5.0;3.5;6.0;1.1;1.4;1.5;4.4;5.9;1.6;1.0;1.0;1.5;4.5;12.9;6.7;14.6;2.1;6.6;4.6;8.0;1.5;1.9;2.0;5.8;7.8;2.1;1.4;1.4;2.0;5.9;17.0;108.0;113;10.3;0.553;0.453;0.128;4.5;13.3;8.8;6.1;1.4;2.8;11.4;15.3;0.8;1.7;2.4;0.065;-2.9;-0.1;-2.9;-0.4;0.0;False;False;False;46;35;0.568;18.0;48;34;114.5;111.8;WESTERN_CONF;7;0.01144682937529551;21.0
GrantWilliams_2022_BOS;GrantWilliams;PF;23;BOS;76;21;24.4;2.7;5.6;0.478;1.4;3.3;0.413;1.3;2.3;0.573;0.601;1.1;1.2;0.901;0.8;2.7;3.6;1.0;0.5;0.7;0.8;2.4;7.8;2022;3.9;8.2;2.0;4.9;1.9;3.3;1.6;1.8;1.2;4.0;5.3;1.5;0.7;1.1;1.2;3.6;11.5;5.4;11.4;2.8;6.8;2.6;4.6;2.2;2.4;1.7;5.6;7.3;2.1;1.0;1.5;1.6;4.9;15.9;122.0;109;11.3;0.638;0.598;0.214;3.8;11.9;7.9;5.7;1.0;2.8;11.6;12.5;2.4;2.6;5.0;0.13;-1.4;1.1;-0.3;0.8;0.0;False;False;False;50;31;0.617;3.0;58;24;110.1;103.1;EASTERN_CONF;3;0.011033776711287068;22.0
AyoDosunmu_2022_CHI;AyoDosunmu;SG;22;CHI;76;39;27.2;3.5;6.8;0.52;0.9;2.4;0.372;2.7;4.4;0.599;0.585;0.6;0.9;0.676;0.3;2.4;2.8;3.3;0.8;0.4;1.3;2.4;8.6;2022;4.7;9.0;1.2;3.1;3.5;5.9;0.8;1.2;0.4;3.2;3.6;4.4;1.0;0.5;1.8;3.1;11.4;6.4;12.2;1.6;4.3;4.8;8.0;1.1;1.7;0.6;4.4;4.9;5.9;1.4;0.7;2.4;4.3;15.4;113.0;115;11.1;0.596;0.348;0.137;1.4;10.0;5.7;16.4;1.4;1.2;15.6;13.9;1.7;1.3;3.0;0.07;-2.0;0.0;-2.0;0.0;0.0;False;False;False;45;36;0.556;8.0;40;42;110.1;110.5;EASTERN_CONF;6;0.010846598601356412;23.0
MalikBeasley_2022_MIN;MalikBeasley;SG;25;MIN;78;17;25.1;4.2;10.8;0.391;3.1;8.1;0.377;1.2;2.7;0.433;0.533;0.6;0.8;0.817;0.3;2.6;2.9;1.5;0.6;0.2;0.6;1.1;12.1;2022;6.0;15.4;4.4;11.6;1.7;3.9;0.9;1.1;0.5;3.7;4.2;2.1;0.8;0.2;0.8;1.6;17.4;8.0;20.4;5.8;15.3;2.2;5.1;1.2;1.5;0.6;4.9;5.5;2.8;1.0;0.3;1.0;2.1;22.9;111.0;116;11.9;0.545;0.75;0.071;1.4;11.2;6.2;8.5;1.0;0.6;4.7;19.4;1.7;1.2;2.9;0.071;0.8;-1.4;-0.7;0.7;0.0;False;False;False;46;35;0.568;18.0;48;34;114.5;111.8;WESTERN_CONF;7;0.01084519378559509;24.0
MaxiKleber_2022_DAL;MaxiKleber;PF;30;DAL;59;21;24.6;2.4;6.0;0.398;1.4;4.3;0.325;1.0;1.7;0.586;0.516;0.8;1.1;0.708;1.2;4.7;5.9;1.2;0.5;1.0;0.8;2.3;7.0;2022;3.5;8.8;2.1;6.3;1.4;2.5;1.1;1.6;1.7;7.0;8.7;1.7;0.7;1.4;1.2;3.4;10.2;4.9;12.3;2.9;8.9;2.0;3.4;1.6;2.3;2.4;9.7;12.2;2.4;1.0;2.0;1.6;4.8;14.3;109.0;107;11.0;0.537;0.72;0.184;5.4;21.5;13.4;6.5;1.0;3.6;10.9;13.4;0.7;2.3;3.0;0.099;-1.6;1.2;-0.4;0.6;0.0;False;False;False;51;30;0.63;13.0;50;32;106.4;103.3;WESTERN_CONF;4;0.010790936785001632;25.0
EricBledsoe_2022_LAC;EricBledsoe;PG;32;LAC;54;29;25.2;3.6;8.7;0.421;0.9;3.0;0.313;2.7;5.6;0.479;0.475;1.6;2.2;0.761;0.5;2.9;3.4;4.2;1.3;0.4;2.1;1.6;9.9;2022;5.2;12.4;1.3;4.3;3.9;8.1;2.4;3.1;0.7;4.1;4.8;6.0;1.8;0.5;3.1;2.2;14.1;7.1;16.8;1.8;5.9;5.3;11.0;3.2;4.2;1.0;5.5;6.6;8.1;2.5;0.7;4.2;3.1;19.2;100.0;110;12.6;0.514;0.348;0.25;2.2;11.7;7.1;24.2;2.5;1.2;18.3;20.5;-0.5;1.7;1.3;0.045;-2.1;1.2;-0.9;0.4;0.0;False;False;False;41;40;0.506;23.0;39;43;106.7;107.3;WESTERN_CONF;8;0.010775024622555623;26.0
HerbertJones_2022_NOP;HerbertJones;PF;23;NOP;78;69;29.9;3.5;7.4;0.476;0.7;2.2;0.337;2.8;5.2;0.533;0.525;1.8;2.1;0.84;1.3;2.5;3.8;2.1;1.7;0.8;1.3;3.1;9.5;2022;4.2;8.9;0.9;2.6;3.3;6.3;2.1;2.5;1.5;3.1;4.6;2.6;2.0;0.9;1.5;3.7;11.4;5.8;12.2;1.2;3.6;4.6;8.6;2.9;3.4;2.1;4.2;6.3;3.5;2.7;1.3;2.1;5.0;15.7;114.0;111;12.3;0.573;0.293;0.283;4.6;9.6;7.0;10.0;2.7;2.5;13.4;13.8;2.1;2.6;4.7;0.097;-2.0;1.5;-0.5;0.9;0.0;False;False;False;36;45;0.444;28.0;39;43;108.0;108.7;WESTERN_CONF;9;0.009586470817228469;27.0
CodyMartin_2022_CHO;CodyMartin;SF;26;CHO;70;11;26.3;2.9;6.0;0.483;0.9;2.3;0.386;2.0;3.7;0.542;0.556;1.0;1.5;0.692;1.1;2.9;4.0;2.5;1.2;0.4;0.9;1.6;7.7;2022;4.0;8.2;1.2;3.1;2.8;5.1;1.4;2.0;1.5;3.9;5.5;3.4;1.7;0.6;1.2;2.2;10.5;5.3;10.9;1.6;4.1;3.7;6.8;1.9;2.7;2.1;5.2;7.3;4.6;2.2;0.8;1.6;3.0;14.0;120.0;114;12.6;0.579;0.376;0.248;4.5;11.8;8.1;12.4;2.2;1.6;11.4;12.1;2.3;1.5;3.8;0.099;-1.2;0.6;-0.6;0.7;0.0;False;False;False;42;39;0.519;11.0;42;40;113.8;113.6;EASTERN_CONF;9;0.009554985912269595;28.0
DougMcDermott_2022_SAS;DougMcDermott;PF;30;SAS;51;51;24.0;4.2;9.1;0.462;2.1;5.0;0.422;2.1;4.1;0.512;0.578;0.8;1.0;0.784;0.4;1.9;2.3;1.3;0.3;0.1;0.8;1.5;11.3;2022;6.3;13.7;3.2;7.5;3.1;6.2;1.2;1.5;0.5;2.9;3.4;1.9;0.4;0.2;1.3;2.3;17.0;8.4;18.2;4.2;10.0;4.2;8.2;1.6;2.0;0.7;3.8;4.5;2.5;0.5;0.2;1.7;3.1;22.7;112.0;117;11.4;0.593;0.551;0.11;1.5;8.4;4.9;7.3;0.5;0.4;8.1;18.3;1.1;0.5;1.6;0.063;-0.4;-2.1;-2.5;-0.1;0.0;False;False;False;34;47;0.42;30.0;42;40;111.7;111.5;WESTERN_CONF;10;0.009360815116355257;29.0
DorianFinney-Smith_2022_DAL;DorianFinney-Smith;PF;28;DAL;79;79;33.1;4.1;8.7;0.467;2.1;5.4;0.391;1.9;3.2;0.596;0.59;0.7;1.1;0.675;1.5;3.2;4.7;1.9;1.1;0.5;1.0;2.3;10.9;2022;4.4;9.4;2.3;5.9;2.1;3.5;0.8;1.1;1.7;3.4;5.1;2.1;1.2;0.5;1.1;2.5;11.9;6.2;13.2;3.2;8.3;2.9;4.9;1.1;1.6;2.3;4.8;7.2;2.9;1.7;0.8;1.5;3.5;16.6;119.0;110;12.4;0.599;0.628;0.121;5.2;10.6;7.9;8.2;1.7;1.4;10.0;13.8;3.2;3.2;6.5;0.119;0.0;0.7;0.7;1.8;0.0;False;False;False;51;30;0.63;13.0;50;32;106.4;103.3;WESTERN_CONF;4;0.009330286847436982;30.0
JoshRichardson_2022_BOS;JoshRichardson;SG;28;BOS;44;0;24.7;3.5;7.8;0.443;1.4;3.5;0.397;2.0;4.3;0.481;0.534;1.4;1.6;0.859;0.6;2.3;2.8;1.5;0.8;0.5;0.9;1.9;9.7;2022;5.0;11.4;2.1;5.2;3.0;6.2;2.0;2.4;0.9;3.3;4.1;2.2;1.1;0.8;1.3;2.7;14.1;7.0;15.7;2.8;7.1;4.1;8.6;2.8;3.2;1.2;4.5;5.7;3.0;1.6;1.1;1.8;3.8;19.5;113.0;109;12.2;0.57;0.455;0.207;2.6;9.6;6.2;8.7;1.6;1.9;9.4;16.8;1.0;1.5;2.6;0.113;-1.0;1.2;0.2;0.6;0.0;False;False;False;50;31;0.617;3.0;58;24;110.1;103.1;EASTERN_CONF;3;0.009104715134733524;31.0
KyleLowry_2022_MIA;KyleLowry;PG;35;MIA;63;63;33.9;4.4;10.0;0.44;2.3;6.1;0.377;2.1;3.9;0.539;0.555;2.3;2.8;0.851;0.5;4.0;4.5;7.5;1.1;0.3;2.7;2.8;13.4;2022;4.7;10.6;2.4;6.4;2.2;4.1;2.5;2.9;0.6;4.2;4.8;8.0;1.1;0.3;2.8;3.0;14.2;6.5;14.7;3.4;9.0;3.1;5.7;3.5;4.1;0.8;5.8;6.6;11.1;1.6;0.4;3.9;4.2;19.8;118.0;110;15.0;0.6;0.609;0.278;1.8;13.0;7.5;32.3;1.6;0.8;19.3;18.2;3.7;2.7;6.4;0.144;1.1;0.8;2.0;2.1;0.0;False;False;False;53;28;0.654;0.0;53;29;108.7;104.0;EASTERN_CONF;1;0.00854745708081491;32.0
JeffGreen_2022_DEN;JeffGreen;C;35;DEN;74;62;24.7;3.6;7.0;0.518;0.7;2.3;0.317;2.9;4.8;0.613;0.569;2.2;2.6;0.832;0.6;2.5;3.1;1.3;0.4;0.4;0.9;2.0;10.2;2022;5.3;10.3;1.0;3.3;4.3;7.0;3.2;3.9;0.8;3.7;4.5;1.9;0.6;0.5;1.4;2.9;14.9;7.3;14.0;1.4;4.5;5.8;9.5;4.4;5.3;1.1;5.1;6.2;2.5;0.8;0.7;1.9;4.0;20.3;119.0;115;12.3;0.622;0.321;0.376;2.6;11.1;7.0;7.2;0.8;1.3;10.3;16.3;2.5;1.3;3.8;0.1;-1.3;-1.2;-2.5;-0.2;0.0;False;False;False;48;33;0.593;16.0;47;35;111.0;108.6;WESTERN_CONF;5;0.00769720833457346;33.0
LukeKennard_2022_LAC;LukeKennard;SG;25;LAC;69;12;27.4;4.1;9.0;0.45;2.7;6.0;0.45;1.4;3.0;0.45;0.6;1.0;1.1;0.893;0.3;3.0;3.3;2.1;0.6;0.1;0.9;1.4;11.8;2022;5.3;11.8;3.5;7.9;1.8;4.0;1.3;1.4;0.4;4.0;4.3;2.7;0.8;0.1;1.1;1.9;15.5;7.3;16.1;4.8;10.7;2.4;5.4;1.7;1.9;0.5;5.4;5.9;3.7;1.1;0.2;1.5;2.6;21.1;119.0;114;13.2;0.621;0.664;0.121;1.1;11.4;6.4;11.1;1.1;0.3;8.3;16.6;2.8;1.6;4.4;0.111;0.7;-0.3;0.5;1.2;0.0;False;False;False;41;40;0.506;23.0;39;43;106.7;107.3;WESTERN_CONF;8;0.007550568350184484;34.0
PatrickBeverley_2022_MIN;PatrickBeverley;PG;33;MIN;57;53;25.6;3.1;7.6;0.406;1.5;4.2;0.344;1.6;3.4;0.484;0.502;1.6;2.3;0.721;1.1;3.1;4.2;4.6;1.2;0.9;1.3;3.0;9.3;2022;4.3;10.7;2.0;5.9;2.3;4.7;2.3;3.2;1.5;4.4;5.9;6.5;1.7;1.3;1.8;4.3;13.0;5.7;14.1;2.7;7.8;3.0;6.3;3.0;4.2;2.0;5.8;7.8;8.6;2.2;1.7;2.4;5.6;17.2;118.0;111;14.8;0.539;0.557;0.298;4.4;13.3;8.8;24.4;2.2;3.4;13.0;16.1;2.3;1.7;4.0;0.133;0.6;2.1;2.7;1.8;0.0;False;False;False;46;35;0.568;18.0;48;34;114.5;111.8;WESTERN_CONF;7;0.007320223125351157;35.0
DraymondGreen_2022_GSW;DraymondGreen;PF;31;GSW;45;43;29.0;3.0;5.7;0.522;0.3;1.2;0.283;2.6;4.5;0.584;0.551;1.3;2.0;0.652;1.0;6.4;7.4;7.0;1.3;1.1;3.0;3.0;7.5;2022;3.7;7.0;0.4;1.5;3.3;5.6;1.6;2.5;1.2;8.0;9.2;8.7;1.7;1.4;3.8;3.7;9.4;5.0;9.5;0.6;2.0;4.4;7.5;2.2;3.3;1.7;10.8;12.4;11.7;2.2;1.9;5.1;5.0;12.7;108.0;103;14.2;0.576;0.208;0.349;3.9;23.5;13.9;32.6;2.2;3.7;31.8;14.4;0.7;2.8;3.5;0.129;-1.5;4.7;3.2;1.7;0.0;False;False;False;52;29;0.642;12.0;55;27;109.4;104.2;WESTERN_CONF;3;0.007315022986026843;36.0
MikeConley_2022_UTA;MikeConley;PG;34;UTA;71;71;28.6;4.8;11.0;0.434;2.4;5.8;0.409;2.4;5.2;0.463;0.542;1.8;2.3;0.8;0.7;2.4;3.0;5.4;1.3;0.3;1.7;2.0;13.7;2022;6.0;13.8;3.0;7.3;3.0;6.5;2.3;2.8;0.8;3.0;3.8;6.7;1.6;0.4;2.2;2.5;17.2;8.2;18.9;4.1;10.0;4.1;8.9;3.1;3.9;1.1;4.1;5.2;9.2;2.3;0.5;3.0;3.4;23.6;120.0;112;17.2;0.573;0.528;0.206;2.6;8.8;5.8;27.6;2.3;0.9;12.6;20.8;4.4;2.2;6.6;0.155;2.5;0.6;3.1;2.6;0.0;False;False;False;48;33;0.593;16.0;55;27;112.3;106.6;WESTERN_CONF;6;0.007179050490020595;37.0
GraysonAllen_2022_MIL;GraysonAllen;SG;26;MIL;66;61;27.3;3.9;8.6;0.448;2.4;5.9;0.409;1.5;2.7;0.533;0.588;1.0;1.1;0.865;0.5;2.9;3.4;1.5;0.7;0.3;0.7;1.5;11.1;2022;5.1;11.3;3.2;7.8;1.9;3.6;1.3;1.5;0.6;3.8;4.4;2.0;0.9;0.4;0.9;1.9;14.6;6.8;15.1;4.2;10.4;2.6;4.8;1.7;2.0;0.9;5.1;5.9;2.7;1.2;0.5;1.1;2.6;19.5;122.0;114;12.8;0.609;0.684;0.13;1.9;10.9;6.5;7.6;1.2;1.0;6.7;15.2;2.8;1.4;4.2;0.112;0.6;-0.2;0.5;1.1;0.0;False;False;False;51;30;0.63;2.0;50;32;114.1;110.5;EASTERN_CONF;2;0.007176687202748017;38.0
MonteMorris_2022_DEN;MonteMorris;PG;26;DEN;75;74;29.9;5.0;10.3;0.484;1.7;4.2;0.395;3.3;6.1;0.545;0.564;1.0;1.1;0.869;0.4;2.7;3.0;4.4;0.7;0.2;1.0;1.2;12.6;2022;6.0;12.4;2.0;5.0;4.0;7.4;1.2;1.4;0.4;3.2;3.6;5.4;0.9;0.2;1.3;1.5;15.2;8.2;16.9;2.7;6.9;5.5;10.1;1.6;1.8;0.6;4.4;5.0;7.3;1.2;0.3;1.7;2.0;20.7;120.0;115;14.7;0.583;0.406;0.109;1.4;9.6;5.6;21.4;1.2;0.6;8.8;17.4;3.9;1.6;5.5;0.118;0.8;-0.8;0.0;1.1;0.0;False;False;False;48;33;0.593;16.0;47;35;111.0;108.6;WESTERN_CONF;5;0.007004492600447698;39.0
KevinHuerter_2022_ATL;KevinHuerter;SG;23;ATL;73;59;29.6;4.7;10.3;0.453;2.2;5.5;0.388;2.5;4.8;0.53;0.558;0.6;0.7;0.808;0.4;3.0;3.4;2.7;0.8;0.4;1.2;2.5;12.1;2022;5.7;12.5;2.6;6.8;3.1;5.8;0.7;0.9;0.5;3.6;4.2;3.3;0.9;0.4;1.5;3.0;14.7;7.8;17.1;3.6;9.2;4.2;7.9;1.0;1.2;0.7;4.9;5.7;4.5;1.3;0.6;2.0;4.1;20.1;111.0;117;11.9;0.568;0.539;0.069;1.6;10.9;6.3;13.0;1.3;1.1;10.4;17.5;1.8;1.0;2.7;0.061;-0.5;-0.7;-1.3;0.4;0.0;False;False;False;42;39;0.519;11.0;45;37;112.4;111.0;EASTERN_CONF;10;0.006866183067309553;40.0
PatConnaughton_2022_MIL;PatConnaughton;SG;29;MIL;65;19;26.0;3.5;7.6;0.458;2.2;5.7;0.395;1.2;1.9;0.643;0.605;0.7;0.8;0.833;0.7;3.5;4.2;1.3;0.9;0.2;0.5;1.3;9.9;2022;4.8;10.6;3.1;7.9;1.7;2.7;1.0;1.1;1.0;4.9;5.8;1.7;1.3;0.3;0.7;1.8;13.7;6.4;14.1;4.1;10.5;2.3;3.6;1.3;1.5;1.3;6.5;7.8;2.3;1.7;0.4;1.0;2.4;18.3;124.0;112;13.5;0.62;0.746;0.109;2.9;14.0;8.6;6.6;1.7;0.9;6.3;14.0;2.8;1.7;4.4;0.126;0.8;0.4;1.2;1.4;0.0;False;False;False;51;30;0.63;2.0;50;32;114.1;110.5;EASTERN_CONF;2;0.006851774593243539;41.0
NickeilAlexander-Walker_2022_NOP;NickeilAlexander-Walker;SG;23;NOP;50;19;26.3;4.7;12.6;0.375;1.9;6.1;0.311;2.8;6.5;0.434;0.45;1.4;1.9;0.722;0.7;2.6;3.3;2.8;0.8;0.4;1.7;1.8;12.8;2022;6.5;17.3;2.6;8.3;3.9;8.9;1.9;2.7;1.0;3.5;4.5;3.8;1.1;0.5;2.3;2.4;17.5;8.9;23.7;3.6;11.4;5.3;12.3;2.6;3.6;1.3;4.8;6.1;5.2;1.5;0.7;3.2;3.3;23.9;97.0;115;10.6;0.474;0.483;0.153;3.0;11.0;6.9;16.2;1.5;1.4;11.2;24.8;-1.1;1.0;-0.1;-0.004;-1.7;-1.3;-3.0;-0.3;0.0;False;False;False;36;45;0.444;28.0;39;43;108.0;108.7;WESTERN_CONF;9;0.006775816868546596;42.0
CobyWhite_2022_CHI;CobyWhite;PG;21;CHI;61;17;27.5;4.6;10.6;0.433;2.2;5.8;0.385;2.3;4.8;0.491;0.539;1.3;1.5;0.857;0.3;2.7;3.0;2.9;0.5;0.2;1.1;2.2;12.7;2022;6.0;13.8;2.9;7.6;3.1;6.3;1.7;2.0;0.4;3.5;3.9;3.8;0.6;0.2;1.5;2.9;16.6;8.1;18.8;4.0;10.3;4.2;8.5;2.3;2.7;0.5;4.8;5.3;5.1;0.8;0.3;2.0;4.0;22.5;111.0;117;12.6;0.564;0.548;0.141;1.1;11.0;6.1;15.0;0.8;0.6;9.3;19.9;1.6;0.8;2.3;0.067;-0.4;-1.7;-2.2;-0.1;0.0;False;False;False;45;36;0.556;8.0;40;42;110.1;110.5;EASTERN_CONF;6;0.0066527600111708565;43.0
TimHardawayJr_2022_DAL;TimHardawayJr;SG;29;DAL;42;20;29.6;5.0;12.6;0.394;2.4;7.2;0.336;2.5;5.4;0.473;0.491;1.9;2.5;0.757;0.3;3.4;3.7;2.2;0.9;0.1;0.8;1.8;14.2;2022;6.0;15.3;2.9;8.8;3.1;6.5;2.3;3.0;0.4;4.1;4.5;2.7;1.1;0.2;1.0;2.1;17.3;8.5;21.4;4.1;12.3;4.3;9.1;3.2;4.2;0.5;5.8;6.3;3.7;1.5;0.2;1.4;3.0;24.2;107.0;111;12.8;0.52;0.574;0.194;1.2;12.8;7.0;11.4;1.5;0.4;5.6;22.1;0.5;1.5;2.0;0.078;-0.4;0.2;-0.2;0.6;0.0;False;False;False;51;30;0.63;13.0;50;32;106.4;103.3;WESTERN_CONF;4;0.006136092613068895;44.0
DennisSchröder_2022_BOS;DennisSchröder;SG;28;BOS;49;25;29.2;5.2;11.9;0.44;1.4;3.9;0.349;3.9;8.0;0.485;0.497;2.5;3.0;0.848;0.6;2.8;3.3;4.2;0.8;0.1;2.1;2.4;14.4;2022;6.5;14.7;1.7;4.8;4.8;9.8;3.1;3.6;0.7;3.4;4.1;5.2;1.0;0.1;2.6;2.9;17.7;8.9;20.3;2.3;6.7;6.6;13.6;4.3;5.0;1.0;4.7;5.7;7.2;1.4;0.2;3.6;4.0;24.4;108.0;110;13.5;0.543;0.329;0.248;2.2;10.1;6.2;22.1;1.4;0.3;13.8;23.1;1.0;1.8;2.7;0.092;-1.2;0.0;-1.2;0.3;0.0;False;False;False;50;31;0.617;3.0;58;24;110.1;103.1;EASTERN_CONF;3;0.005955398328818026;45.0
CameronJohnson_2022_PHO;CameronJohnson;PF;25;PHO;65;15;26.3;4.2;9.2;0.46;2.5;5.9;0.427;1.7;3.3;0.519;0.598;1.5;1.7;0.856;0.6;3.5;4.1;1.5;0.9;0.2;0.7;1.7;12.5;2022;5.8;12.6;3.5;8.1;2.3;4.5;2.0;2.3;0.9;4.7;5.6;2.0;1.2;0.3;0.9;2.4;17.1;7.8;16.9;4.7;10.9;3.1;6.0;2.7;3.1;1.2;6.3;7.5;2.7;1.6;0.4;1.3;3.2;22.8;123.0;109;15.2;0.626;0.645;0.186;2.7;13.7;8.4;7.6;1.6;0.8;6.5;17.5;3.2;2.4;5.6;0.157;2.1;0.7;2.8;2.1;0.0;False;False;False;64;17;0.79;0.0;59;23;113.5;105.9;WESTERN_CONF;1;0.005723313069299307;46.0
NicolasBatum_2022_LAC;NicolasBatum;PF;33;LAC;59;54;24.8;3.0;6.6;0.463;1.8;4.6;0.4;1.2;2.0;0.607;0.602;0.4;0.6;0.658;0.5;3.8;4.3;1.7;1.0;0.7;0.7;1.4;8.3;2022;4.4;9.5;2.7;6.6;1.7;2.9;0.6;0.9;0.7;5.5;6.3;2.5;1.4;1.0;1.0;2.0;12.1;6.0;13.0;3.6;9.0;2.4;3.9;0.8;1.3;1.0;7.5;8.5;3.4;1.9;1.4;1.3;2.7;16.5;118.0;109;13.5;0.608;0.698;0.098;2.2;15.9;9.2;9.7;1.9;2.4;9.0;13.3;1.6;2.0;3.7;0.121;0.4;1.8;2.2;1.6;0.0;False;False;False;41;40;0.506;23.0;39;43;106.7;107.3;WESTERN_CONF;8;0.005655959753510752;47.0
MikalBridges_2022_PHO;MikalBridges;SF;25;PHO;81;81;35.2;5.7;10.6;0.535;1.4;3.8;0.37;4.2;6.7;0.629;0.602;1.6;1.9;0.834;0.9;3.4;4.3;2.3;1.2;0.4;0.8;1.9;14.3;2022;5.8;10.8;1.5;3.9;4.3;6.9;1.7;2.0;0.9;3.4;4.4;2.3;1.2;0.5;0.8;1.9;14.7;7.7;14.5;1.9;5.3;5.8;9.2;2.2;2.7;1.3;4.6;5.8;3.1;1.6;0.6;1.1;2.5;19.6;125.0;110;14.5;0.628;0.363;0.183;2.9;9.9;6.5;8.6;1.6;1.1;6.8;15.0;5.2;3.7;9.0;0.151;0.5;1.1;1.6;2.6;0.0;False;False;False;64;17;0.79;0.0;59;23;113.5;105.9;WESTERN_CONF;1;0.005480851090979032;48.0
DeAndreHunter_2022_ATL;DeAndreHunter;SF;24;ATL;52;51;29.7;4.8;10.8;0.44;1.3;3.7;0.366;3.4;7.1;0.477;0.502;2.4;3.1;0.764;0.5;2.8;3.3;1.3;0.7;0.4;1.3;3.0;13.2;2022;5.8;13.1;1.6;4.5;4.1;8.6;2.9;3.8;0.6;3.4;4.1;1.6;0.8;0.5;1.6;3.6;16.0;7.9;17.9;2.2;6.1;5.6;11.8;3.9;5.1;0.8;4.7;5.5;2.2;1.1;0.7;2.1;4.9;21.8;105.0;117;10.5;0.543;0.34;0.286;1.9;10.4;6.2;6.3;1.1;1.2;9.6;19.8;0.4;0.6;1.0;0.031;-2.5;-1.4;-4.0;-0.8;0.0;False;False;False;42;39;0.519;11.0;45;37;112.4;111.0;EASTERN_CONF;10;0.00542222324832476;49.0
TeranceMann_2022_LAC;TeranceMann;SF;25;LAC;80;32;28.7;4.1;8.5;0.483;0.9;2.6;0.364;3.2;6.0;0.535;0.538;1.6;2.0;0.779;1.3;4.0;5.3;2.6;0.7;0.2;1.0;2.2;10.8;2022;5.2;10.7;1.2;3.2;4.0;7.5;2.0;2.6;1.6;5.0;6.6;3.2;0.9;0.3;1.3;2.8;13.5;7.1;14.6;1.6;4.4;5.5;10.2;2.7;3.5;2.2;6.8;9.0;4.4;1.2;0.4;1.8;3.8;18.4;117.0;112;13.3;0.571;0.302;0.239;4.9;14.2;9.7;13.2;1.2;0.7;9.9;16.1;3.0;2.3;5.3;0.111;-0.9;0.1;-0.7;0.7;0.0;False;False;False;41;40;0.506;23.0;39;43;106.7;107.3;WESTERN_CONF;8;0.005324626610905133;50.0
